name,email,function,company_name,city,country_id,state_id,street,website
name,bruna29@example.org,Profissional de efeitos especiais,Wilson-Nichols,New York,United States,New York,"New York, New York, United States",https://www.linkedin.com/in/gbarbosa
name,caldeiranina@example.com,General practice doctor,Novais Pires S/A,San Francisco,United States,California,"San Francisco, California, United States",https://www.linkedin.com/in/bhopkins
name,ogibson@example.org,Escrivão,Farrell-Cunningham,Uberlândia,Brazil,Minas Gerais,"Uberlândia, Minas Gerais, Brazil",https://www.linkedin.com/in/bruna49
name,christopher47@example.net,Administrador de banco de dados DBA,Aragão,Buffalo,United States,New York,"Buffalo, New York, United States",https://www.linkedin.com/in/ufonseca
name,ayllafreitas@example.org,Farm manager,Siqueira da Mota - EI,Los Angeles,United States,California,"Los Angeles, California, United States",https://www.linkedin.com/in/tracywalls
name Kaique Freitas,ssousa@example.net,Bancário,"Ramirez, Hubbard and Edwards",Campinas,Brazil,São Paulo,"Campinas, São Paulo, Brazil",https://www.linkedin.com/in/olivermarques
name,anthony-gabrielgoncalves@example.com,Wellsite geologist,Chapman Ltd,Rochester,United States,New York,"Rochester, New York, United States",https://www.linkedin.com/in/caio42
name,novaesbenicio@example.net,"Therapist, occupational","Sanders, Galloway and Fischer",Niterói,Brazil,Rio de Janeiro,"Niterói, Rio de Janeiro, Brazil",https://www.linkedin.com/in/ncastro
name,nda-paz@example.com,Economista doméstico,"Aguirre, Riley and Holmes",São Paulo,Brazil,São Paulo,"São Paulo, São Paulo, Brazil",https://www.linkedin.com/in/michaeljackson
name,william00@example.com,Forensic psychologist,"Bryant, Ford and Strong",San Francisco,United States,California,"San Francisco, California, United States",https://www.linkedin.com/in/carvalhosarah
name,nda-paz@example.com,Coloproctologista,Aguilar Ltd,Ribeirão Preto,Brazil,São Paulo,"Ribeirão Preto, São Paulo, Brazil",https://www.linkedin.com/in/luiz-felipe57
name,alice55@example.org,Somelier,Pacheco,San Francisco,United States,California,"San Francisco, California, United States",https://www.linkedin.com/in/alawrence
name,vleon@example.com,Administrador público,Mendoza and Sons,Santos,Brazil,São Paulo,"Santos, São Paulo, Brazil",https://www.linkedin.com/in/robert34
name,spham@example.net,Caixa,Pastor - EI,Niterói,Brazil,Rio de Janeiro,"Niterói, Rio de Janeiro, Brazil",https://www.linkedin.com/in/jonathanthompson
name,mooremadison@example.org,"Pharmacist, community","Reid, Barrett and Holloway",Dallas,United States,Texas,"Dallas, Texas, United States",https://www.linkedin.com/in/shannontownsend
name,sophia83@example.org,Policial civil,Nunes,Rio de Janeiro,Brazil,Rio de Janeiro,"Rio de Janeiro, Rio de Janeiro, Brazil",https://www.linkedin.com/in/eric82
name DVM,qperez@example.net,Housing manager/officer,Novais,Ouro Preto,Brazil,Minas Gerais,"Ouro Preto, Minas Gerais, Brazil",https://www.linkedin.com/in/ioconnor
name,beatriz54@example.org,Operador de vídeo,Viana Pacheco - ME,Santos,Brazil,São Paulo,"Santos, São Paulo, Brazil",https://www.linkedin.com/in/joao-lucaspimenta
name,washingtonjose@example.org,Otorrinolaringologista,"Burke, Barnes and Hall",Austin,United States,Texas,"Austin, Texas, United States",https://www.linkedin.com/in/vitorbarbosa
name,hpimenta@example.com,Engenheiro sanitarista,Aragão,San Francisco,United States,California,"San Francisco, California, United States",https://www.linkedin.com/in/qcarpenter
name,sophia83@example.org,Hydrologist,"Barrett, Cochran and Young",Ribeirão Preto,Brazil,São Paulo,"Ribeirão Preto, São Paulo, Brazil",https://www.linkedin.com/in/ulester
name,bradleysarah@example.net,Administrador de redes,"Moon, Wood and Shaw",Rochester,United States,New York,"Rochester, New York, United States",https://www.linkedin.com/in/steve55
name das Neves,hernandezbrett@example.com,"Scientist, research (life sciences)",Diaz-Evans,Campinas,Brazil,São Paulo,"Campinas, São Paulo, Brazil",https://www.linkedin.com/in/pgarrett
name,brewerdouglas@example.com,Pensions consultant,Cirino,Santos,Brazil,São Paulo,"Santos, São Paulo, Brazil",https://www.linkedin.com/in/aragaonathan
name,riverabecky@example.org,Geradorista,Novaes Mendonça - EI,San Diego,United States,California,"San Diego, California, United States",https://www.linkedin.com/in/leslie00
name,milescynthia@example.com,Enólogo,Moura,Uberlândia,Brazil,Minas Gerais,"Uberlândia, Minas Gerais, Brazil",https://www.linkedin.com/in/housenatalie
name Michelle Sims,luan48@example.net,Occupational psychologist,da Conceição da Paz - ME,Houston,United States,Texas,"Houston, Texas, United States",https://www.linkedin.com/in/azevedotheo
name,awilliams@example.net,Leiteiro,Ramos-Simmons,Rio de Janeiro,Brazil,Rio de Janeiro,"Rio de Janeiro, Rio de Janeiro, Brazil",https://www.linkedin.com/in/limarafael
name,tannercameron@example.net,Industrial buyer,Cole Group,Niterói,Brazil,Rio de Janeiro,"Niterói, Rio de Janeiro, Brazil",https://www.linkedin.com/in/kurt68
name,zgarcia@example.org,Administrador de banco de dados DBA,Edwards and Sons,San Francisco,United States,California,"San Francisco, California, United States",https://www.linkedin.com/in/piresmaria-alice
name,sophia83@example.org,Farm manager,"Lara, Malone and Smith",São Paulo,Brazil,São Paulo,"São Paulo, São Paulo, Brazil",https://www.linkedin.com/in/hesswanda
name Enzo da Paz,da-conceicaoeduarda@example.net,Jogador de bocha,Johnson Group,Rio de Janeiro,Brazil,Rio de Janeiro,"Rio de Janeiro, Rio de Janeiro, Brazil",https://www.linkedin.com/in/mariadavis
name,richarddavis@example.org,Baixista,White-Simpson,Rio de Janeiro,Brazil,Rio de Janeiro,"Rio de Janeiro, Rio de Janeiro, Brazil",https://www.linkedin.com/in/ramosvinicius
name Moreira,karagao@example.net,Dentist,Marques Casa Grande Ltda.,Niterói,Brazil,Rio de Janeiro,"Niterói, Rio de Janeiro, Brazil",https://www.linkedin.com/in/randy59
name Nunes,damonrodriguez@example.com,Neonatologista,Weaver-Davis,San Diego,United States,California,"San Diego, California, United States",https://www.linkedin.com/in/meganlewis
name,lealan@example.com,Engenheiro florestal,Nichols-Berg,Rio de Janeiro,Brazil,Rio de Janeiro,"Rio de Janeiro, Rio de Janeiro, Brazil",https://www.linkedin.com/in/thales79
name,daniellenewman@example.net,Esgrimista,"Knight, Perez and Ray",San Diego,United States,California,"San Diego, California, United States",https://www.linkedin.com/in/wendy54
name,shawn83@example.org,Catering manager,Moreno-Smith,Uberlândia,Brazil,Minas Gerais,"Uberlândia, Minas Gerais, Brazil",https://www.linkedin.com/in/vincentjulia
name,vinicius91@example.net,Trading standards officer,Dias Ltda.,Belo Horizonte,Brazil,Minas Gerais,"Belo Horizonte, Minas Gerais, Brazil",https://www.linkedin.com/in/scosta
name,zthomas@example.net,Tour manager,Jones LLC,Campinas,Brazil,São Paulo,"Campinas, São Paulo, Brazil",https://www.linkedin.com/in/schmidtashley
name MD,vleon@example.com,Porteiro,Novaes Alves S/A,Santos,Brazil,São Paulo,"Santos, São Paulo, Brazil",https://www.linkedin.com/in/kevinfriedman
name,vieirayan@example.com,Sapateiro,Walker-Powell,Buffalo,United States,New York,"Buffalo, New York, United States",https://www.linkedin.com/in/vargaslaura
name Luz,david39@example.net,Pescador,Mcgee and Sons,São Paulo,Brazil,São Paulo,"São Paulo, São Paulo, Brazil",https://www.linkedin.com/in/gharper
name,jacksonmorgan@example.org,Surgeon,Wade Ltd,Petrópolis,Brazil,Rio de Janeiro,"Petrópolis, Rio de Janeiro, Brazil",https://www.linkedin.com/in/shirleylambert
name,michellewheeler@example.net,Podiatrist,Moreira da Rosa S.A.,Campinas,Brazil,São Paulo,"Campinas, São Paulo, Brazil",https://www.linkedin.com/in/reyesdarren
name,hpierce@example.com,Confeiteiro,Smith-Dominguez,Santos,Brazil,São Paulo,"Santos, São Paulo, Brazil",https://www.linkedin.com/in/novaiseduardo
name,julia28@example.org,Engineering geologist,Saunders-Jones,Houston,United States,Texas,"Houston, Texas, United States",https://www.linkedin.com/in/azevedoleonardo
name Jesus,erick77@example.org,"Restaurant manager, fast food",Key Inc,Santos,Brazil,São Paulo,"Santos, São Paulo, Brazil",https://www.linkedin.com/in/melissajohnson
name,josue37@example.org,"Social research officer, government",Anderson-Stevens,San Diego,United States,California,"San Diego, California, United States",https://www.linkedin.com/in/loriknight
name,ana-liviapinto@example.org,Publicitário,Jordan-Jones,Belo Horizonte,Brazil,Minas Gerais,"Belo Horizonte, Minas Gerais, Brazil",https://www.linkedin.com/in/stephanieluna
name,luan48@example.net,Ginecologista,Nunes,Buffalo,United States,New York,"Buffalo, New York, United States",https://www.linkedin.com/in/nflores
name Paz,smithcindy@example.net,Endocrinologista,Crawford Ltd,Rio de Janeiro,Brazil,Rio de Janeiro,"Rio de Janeiro, Rio de Janeiro, Brazil",https://www.linkedin.com/in/cfernandes
name,leah33@example.org,Information officer,Hale Inc,Buffalo,United States,New York,"Buffalo, New York, United States",https://www.linkedin.com/in/fernanda20
name Catarina Souza,levioliveira@example.net,"Therapist, speech and language","Martin, Roberts and Sweeney",Ouro Preto,Brazil,Minas Gerais,"Ouro Preto, Minas Gerais, Brazil",https://www.linkedin.com/in/tbarbosa
name,fariaslevi@example.net,Engenheiro elétrico,Arnold-Howard,Houston,United States,Texas,"Houston, Texas, United States",https://www.linkedin.com/in/yateskelly
name,alexanderhudson@example.net,Retail manager,Knight Group,Houston,United States,Texas,"Houston, Texas, United States",https://www.linkedin.com/in/david51
name,udavis@example.com,Corretor de imóveis,Oliveira Fonseca S/A,Buffalo,United States,New York,"Buffalo, New York, United States",https://www.linkedin.com/in/yasminoliveira
name Carlos Eduardo Gonçalves,laisrezende@example.org,Dogueiro,Hall-Aguilar,Ouro Preto,Brazil,Minas Gerais,"Ouro Preto, Minas Gerais, Brazil",https://www.linkedin.com/in/diana34
name Camila Pires,benicio37@example.net,Geophysicist/field seismologist,Ewing-Ingram,Austin,United States,Texas,"Austin, Texas, United States",https://www.linkedin.com/in/camposagatha
name,amoreira@example.org,Taifeiro,Owens-Davis,Rio de Janeiro,Brazil,Rio de Janeiro,"Rio de Janeiro, Rio de Janeiro, Brazil",https://www.linkedin.com/in/richardhughes
name,beatriz54@example.org,Tintureiro,Jackson PLC,San Francisco,United States,California,"San Francisco, California, United States",https://www.linkedin.com/in/luccacosta
name Dias,ana-luiza49@example.org,Radioterapêutico,Viana da Cunha e Filhos,Houston,United States,Texas,"Houston, Texas, United States",https://www.linkedin.com/in/xgreen
name,diane17@example.com,Lobbyist,"Sharp, Atkins and Odonnell",Niterói,Brazil,Rio de Janeiro,"Niterói, Rio de Janeiro, Brazil",https://www.linkedin.com/in/bruce26
name,william13@example.com,Health and safety adviser,Evans-Bennett,Petrópolis,Brazil,Rio de Janeiro,"Petrópolis, Rio de Janeiro, Brazil",https://www.linkedin.com/in/da-pazalice
name,nathanparker@example.net,Chiropractor,"Roberts, Anderson and Cole",Dallas,United States,Texas,"Dallas, Texas, United States",https://www.linkedin.com/in/luiz-fernando08
name,ana49@example.org,Phytotherapist,"Cruz, Mann and Marshall",Petrópolis,Brazil,Rio de Janeiro,"Petrópolis, Rio de Janeiro, Brazil",https://www.linkedin.com/in/david27
name,mirella19@example.org,Commercial art gallery manager,Correia,Santos,Brazil,São Paulo,"Santos, São Paulo, Brazil",https://www.linkedin.com/in/lmason
name Marina Cunha,thompsonmatthew@example.com,"Engineer, petroleum","Gentry, Rodgers and Cross",Dallas,United States,Texas,"Dallas, Texas, United States",https://www.linkedin.com/in/tyler52
name,baileybrandy@example.org,Sexólogo,"Kerr, Robinson and Bonilla",Houston,United States,Texas,"Houston, Texas, United States",https://www.linkedin.com/in/xvieira
name Arthur Gabriel da Rosa,vianacaua@example.com,"Teacher, special educational needs","Ortiz, Castillo and Porter",Rio de Janeiro,Brazil,Rio de Janeiro,"Rio de Janeiro, Rio de Janeiro, Brazil",https://www.linkedin.com/in/pmcgee
name Pastor,karagao@example.net,Chartered accountant,Peixoto Vargas S.A.,San Diego,United States,California,"San Diego, California, United States",https://www.linkedin.com/in/irezende
name Calebe Cavalcanti,leemark@example.com,Profissional de logística,Melo Rios - ME,Niterói,Brazil,Rio de Janeiro,"Niterói, Rio de Janeiro, Brazil",https://www.linkedin.com/in/maldonadomelanie
name,amartin@example.com,Gaffer,Parsons LLC,New York,United States,New York,"New York, New York, United States",https://www.linkedin.com/in/fonsecadiogo
name,spencerchristopher@example.org,Warden/ranger,Woods-Chapman,Rio de Janeiro,Brazil,Rio de Janeiro,"Rio de Janeiro, Rio de Janeiro, Brazil",https://www.linkedin.com/in/fernandesmarcela
name Leão,davidwerner@example.com,Nutrologista,Borges,Buffalo,United States,New York,"Buffalo, New York, United States",https://www.linkedin.com/in/tyler15
name,dianestephens@example.net,Berçarista,Jones-Barker,Austin,United States,Texas,"Austin, Texas, United States",https://www.linkedin.com/in/spencetyler
name,hmata@example.com,Policial militar,Sá - ME,New York,United States,New York,"New York, New York, United States",https://www.linkedin.com/in/wilkersondaniel
name,ygarcia@example.com,Chiropodist,Ribeiro,Niterói,Brazil,Rio de Janeiro,"Niterói, Rio de Janeiro, Brazil",https://www.linkedin.com/in/talmeida
name,vieiralaura@example.org,Equality and diversity officer,Pastor S/A,Austin,United States,Texas,"Austin, Texas, United States",https://www.linkedin.com/in/joshua22
name,lais67@example.org,Skatista,Rios,Los Angeles,United States,California,"Los Angeles, California, United States",https://www.linkedin.com/in/conniewilkins
name,sophia83@example.org,Aeromoça,Salinas Inc,New York,United States,New York,"New York, New York, United States",https://www.linkedin.com/in/fpeixoto
name,ualves@example.com,Governador,Edwards-Gallagher,Los Angeles,United States,California,"Los Angeles, California, United States",https://www.linkedin.com/in/barrossofia
name,kathleen42@example.com,Projetista mecânico,das Neves,San Francisco,United States,California,"San Francisco, California, United States",https://www.linkedin.com/in/leonardocarvalho
name,david12@example.org,Jóquei,Pires e Filhos,Petrópolis,Brazil,Rio de Janeiro,"Petrópolis, Rio de Janeiro, Brazil",https://www.linkedin.com/in/garrett14
name,rhamilton@example.net,Xilógrafo,Lopes e Filhos,Buffalo,United States,New York,"Buffalo, New York, United States",https://www.linkedin.com/in/nmontenegro
name,upayne@example.org,Ilustrador,da Mata,Dallas,United States,Texas,"Dallas, Texas, United States",https://www.linkedin.com/in/calebfernandez
name Ester da Costa,brittneythomas@example.com,Quiropraxista,Pereira Silveira S.A.,Uberlândia,Brazil,Minas Gerais,"Uberlândia, Minas Gerais, Brazil",https://www.linkedin.com/in/pastorluna
name,smithjessica@example.com,Publishing rights manager,"Griffin, Walsh and Payne",Uberlândia,Brazil,Minas Gerais,"Uberlândia, Minas Gerais, Brazil",https://www.linkedin.com/in/kpereira
name,benjamin03@example.net,Guarda roupeiro,Andrade,Rochester,United States,New York,"Rochester, New York, United States",https://www.linkedin.com/in/karenking
name,olsontroy@example.com,"Conservation officer, nature",Ferreira,Austin,United States,Texas,"Austin, Texas, United States",https://www.linkedin.com/in/ribeirolucca
name Cauê Andrade,benicio37@example.net,Commercial horticulturist,Montgomery and Sons,Dallas,United States,Texas,"Dallas, Texas, United States",https://www.linkedin.com/in/amandalong
name,luisadias@example.org,Lobbyist,Silveira Ltda.,Houston,United States,Texas,"Houston, Texas, United States",https://www.linkedin.com/in/pietroporto
name,raquel95@example.com,Community pharmacist,da Cunha S.A.,Buffalo,United States,New York,"Buffalo, New York, United States",https://www.linkedin.com/in/jgalvan
name PhD,ida-mota@example.org,"Accountant, chartered management",Brown and Sons,Santos,Brazil,São Paulo,"Santos, São Paulo, Brazil",https://www.linkedin.com/in/vitoriamacedo
name,mallorytran@example.net,Engenheiro de petróleo,Shaffer-Werner,São Paulo,Brazil,São Paulo,"São Paulo, São Paulo, Brazil",https://www.linkedin.com/in/jacksonjoseph
name,enascimento@example.com,Reumatologista,Harris and Sons,Uberlândia,Brazil,Minas Gerais,"Uberlândia, Minas Gerais, Brazil",https://www.linkedin.com/in/andersontimothy
name Cruz,rodriguesluna@example.com,"Sales professional, IT",Pereira,Los Angeles,United States,California,"Los Angeles, California, United States",https://www.linkedin.com/in/robert64
name,olivia77@example.org,Atuário,Rodrigues,Dallas,United States,Texas,"Dallas, Texas, United States",https://www.linkedin.com/in/nsilva
name,jeanette47@example.com,Tecnólogo em recursos pesqueiros,Aparecida,Rio de Janeiro,Brazil,Rio de Janeiro,"Rio de Janeiro, Rio de Janeiro, Brazil",https://www.linkedin.com/in/deantaylor
name,piercedustin@example.org,Land,Martin-Patterson,New York,United States,New York,"New York, New York, United States",https://www.linkedin.com/in/npitts